name,selling_date,selling_price
((h_list.name)),((h_list.last_updated)),￥((h_list.unit_price))
((h_list.name)),((h_list.last_updated)),￥((h_list.unit_price))
SCAR-20 | 丛林滑流 (崭新出厂),2018年12月12日 16:17:24,￥0.30
SCAR-20 | 丛林滑流 (崭新出厂),2018年12月12日 16:17:24,￥0.30
SCAR-20 | 丛林滑流 (崭新出厂),2018年12月12日 16:15:56,￥0.49
SCAR-20 | 丛林滑流 (崭新出厂),2018年12月12日 08:15:53,￥0.91
SCAR-20 | 丛林滑流 (崭新出厂),2018年12月11日 12:47:29,￥0.99
SCAR-20 | 丛林滑流 (崭新出厂),2018年12月10日 18:59:30,￥0.80
SCAR-20 | 丛林滑流 (崭新出厂),2018年12月10日 16:39:09,￥0.81
SCAR-20 | 丛林滑流 (崭新出厂),2018年12月10日 13:09:33,￥0.75
SCAR-20 | 丛林滑流 (崭新出厂),2018年12月10日 10:09:55,￥0.10
SCAR-20 | 丛林滑流 (崭新出厂),2018年12月09日 22:05:51,￥0.40
刺刀（★） | 渐变之色 (崭新出厂),2018年12月12日 20:37:08,￥1150.00
XM1014（StatTrak™） | 特克卢喷射者 (略有磨损),2018年12月08日 15:02:11,￥38.70
刺刀（★） | 渐变之色 (崭新出厂),2018年12月12日 19:21:15,￥1188.00
刺刀（★） | 渐变之色 (崭新出厂),2018年12月12日 19:03:37,￥1084.00
XM1014（StatTrak™） | 特克卢喷射者 (略有磨损),2018年12月01日 19:11:01,￥41.90
XM1014（StatTrak™） | 特克卢喷射者 (略有磨损),2018年11月30日 21:44:43,￥42.00
刺刀（★） | 渐变之色 (崭新出厂),2018年12月12日 10:12:46,￥1149.00
刺刀（★） | 渐变之色 (崭新出厂),2018年12月11日 21:33:51,￥1139.00
XM1014（StatTrak™） | 特克卢喷射者 (略有磨损),2018年11月14日 23:46:59,￥50.00
XM1014（StatTrak™） | 特克卢喷射者 (略有磨损),2018年11月14日 09:21:05,￥49.80
刺刀（★） | 渐变之色 (崭新出厂),2018年12月11日 18:26:05,￥1140.00
刺刀（★） | 渐变之色 (崭新出厂),2018年12月11日 14:21:22,￥1154.00
XM1014（StatTrak™） | 特克卢喷射者 (略有磨损),2018年11月07日 20:31:36,￥55.00
刺刀（★） | 渐变之色 (崭新出厂),2018年12月10日 13:41:38,￥1200.00
刺刀（★） | 渐变之色 (崭新出厂),2018年12月09日 17:31:55,￥1199.00
刺刀（★） | 渐变之色 (崭新出厂),2018年12月08日 15:40:00,￥1225.00
光谱武器箱,2018年12月12日 20:34:50,￥0.06
光谱武器箱,2018年12月12日 20:15:59,￥0.02
光谱武器箱,2018年12月12日 20:15:59,￥0.02
光谱武器箱,2018年12月12日 20:15:59,￥0.02
光谱武器箱,2018年12月12日 20:09:30,￥0.02
光谱武器箱,2018年12月12日 19:57:20,￥0.03
光谱武器箱,2018年12月12日 19:42:29,￥0.02
加利尔 AR | 「经济」克鲁尔 (略有磨损),2018年12月12日 19:37:00,￥49.80
光谱武器箱,2018年12月12日 19:42:29,￥0.02
光谱武器箱,2018年12月12日 19:42:29,￥0.02
加利尔 AR | 「经济」克鲁尔 (略有磨损),2018年12月12日 12:33:07,￥50.00
加利尔 AR | 「经济」克鲁尔 (略有磨损),2018年12月11日 10:38:08,￥50.00
光谱武器箱,2018年12月12日 19:33:47,￥0.04
加利尔 AR | 「经济」克鲁尔 (略有磨损),2018年12月10日 12:43:27,￥49.70
加利尔 AR | 「经济」克鲁尔 (略有磨损),2018年12月07日 21:03:33,￥65.00
加利尔 AR | 「经济」克鲁尔 (略有磨损),2018年12月04日 07:47:30,￥54.99
加利尔 AR | 「经济」克鲁尔 (略有磨损),2018年12月03日 18:14:41,￥43.99
加利尔 AR | 「经济」克鲁尔 (略有磨损),2018年12月03日 13:39:40,￥39.80
加利尔 AR | 「经济」克鲁尔 (略有磨损),2018年12月02日 17:58:17,￥44.00
加利尔 AR | 「经济」克鲁尔 (略有磨损),2018年12月02日 15:07:47,￥39.70
印花 | 旗袍诱惑（全息）,2018年12月12日 18:28:24,￥8.99
印花 | 旗袍诱惑（全息）,2018年12月12日 15:24:03,￥8.94
印花 | 旗袍诱惑（全息）,2018年12月12日 15:02:12,￥8.15
印花 | 旗袍诱惑（全息）,2018年12月12日 10:49:31,￥8.98
印花 | 旗袍诱惑（全息）,2018年12月11日 20:35:43,￥9.00
印花 | 旗袍诱惑（全息）,2018年12月11日 19:52:30,￥7.75
印花 | 旗袍诱惑（全息）,2018年12月11日 19:23:55,￥8.87
印花 | 旗袍诱惑（全息）,2018年12月11日 19:21:56,￥8.98
印花 | 旗袍诱惑（全息）,2018年12月11日 19:06:37,￥8.99
印花 | 旗袍诱惑（全息）,2018年12月11日 19:00:42,￥8.20
格洛克 18 型 | 城里的月光 (略有磨损),2018年12月12日 17:33:13,￥5.00
格洛克 18 型 | 城里的月光 (略有磨损),2018年12月11日 23:52:11,￥7.00
格洛克 18 型 | 城里的月光 (略有磨损),2018年12月11日 23:00:28,￥7.13
格洛克 18 型 | 城里的月光 (略有磨损),2018年12月11日 20:51:29,￥6.50
格洛克 18 型 | 城里的月光 (略有磨损),2018年12月11日 18:47:18,￥6.50
格洛克 18 型 | 城里的月光 (略有磨损),2018年12月11日 16:57:41,￥6.79
格洛克 18 型 | 城里的月光 (略有磨损),2018年12月11日 15:21:45,￥6.79
格洛克 18 型 | 城里的月光 (略有磨损),2018年12月11日 15:08:52,￥6.80
格洛克 18 型 | 城里的月光 (略有磨损),2018年12月10日 11:40:33,￥6.99
格洛克 18 型 | 城里的月光 (略有磨损),2018年12月09日 23:40:30,￥7.16
USP 消音版 | 次时代 (久经沙场),2018年12月12日 19:25:59,￥6.70
USP 消音版 | 次时代 (久经沙场),2018年12月12日 16:02:59,￥9.57
USP 消音版 | 次时代 (久经沙场),2018年12月12日 14:31:31,￥9.00
USP 消音版 | 次时代 (久经沙场),2018年12月12日 13:19:49,￥9.58
USP 消音版 | 次时代 (久经沙场),2018年12月12日 12:32:43,￥9.94
USP 消音版 | 次时代 (久经沙场),2018年12月12日 12:18:08,￥10.41
USP 消音版 | 次时代 (久经沙场),2018年12月12日 01:43:04,￥9.58
USP 消音版 | 次时代 (久经沙场),2018年12月11日 23:59:49,￥9.95
USP 消音版 | 次时代 (久经沙场),2018年12月11日 19:20:22,￥9.97
USP 消音版 | 次时代 (久经沙场),2018年12月11日 18:08:07,￥9.98
格洛克 18 型 | High Beam (崭新出厂),2018年12月12日 20:13:09,￥3.44
格洛克 18 型 | High Beam (崭新出厂),2018年12月12日 19:33:30,￥3.99
格洛克 18 型 | High Beam (崭新出厂),2018年12月12日 15:51:26,￥2.50
格洛克 18 型 | High Beam (崭新出厂),2018年12月12日 15:16:01,￥2.50
格洛克 18 型 | High Beam (崭新出厂),2018年12月12日 13:01:00,￥3.30
格洛克 18 型 | High Beam (崭新出厂),2018年12月12日 08:35:48,￥10.00
格洛克 18 型 | High Beam (崭新出厂),2018年12月11日 23:10:27,￥3.44
穿肠刀（★ StatTrak™） | 多普勒 (崭新出厂),2018年12月01日 09:38:49,￥588.88
格洛克 18 型 | High Beam (崭新出厂),2018年12月11日 20:39:13,￥3.99
格洛克 18 型 | High Beam (崭新出厂),2018年12月11日 19:28:17,￥3.34
穿肠刀（★ StatTrak™） | 多普勒 (崭新出厂),2018年11月27日 18:18:25,￥550.00
格洛克 18 型 | High Beam (崭新出厂),2018年12月11日 19:24:08,￥3.40
MP7 | 卷云 (久经沙场),2018年12月12日 19:38:27,￥0.49
MP7 | 卷云 (久经沙场),2018年12月12日 19:38:24,￥0.50
MP7 | 卷云 (久经沙场),2018年12月12日 18:12:23,￥0.81
MP7 | 卷云 (久经沙场),2018年12月12日 17:09:34,￥0.94
MP7 | 卷云 (久经沙场),2018年12月12日 11:23:33,￥0.83
MP7 | 卷云 (久经沙场),2018年12月11日 22:37:16,￥0.93
MP7 | 卷云 (久经沙场),2018年12月11日 22:37:16,￥0.93
MP7 | 卷云 (久经沙场),2018年12月11日 22:37:16,￥0.93
MP7 | 卷云 (久经沙场),2018年12月11日 22:30:00,￥0.98
MP7 | 卷云 (久经沙场),2018年12月11日 22:21:07,￥0.86
AWP | *嘣* (略有磨损),2018年12月12日 10:08:35,￥93.00
AWP | *嘣* (略有磨损),2018年12月11日 18:56:17,￥93.10
AWP | *嘣* (略有磨损),2018年12月11日 16:37:30,￥95.00
AWP | *嘣* (略有磨损),2018年12月11日 13:08:55,￥93.30
AWP | *嘣* (略有磨损),2018年12月11日 11:08:24,￥110.00
AWP | *嘣* (略有磨损),2018年12月10日 23:43:31,￥91.00
AWP | *嘣* (略有磨损),2018年12月10日 20:31:49,￥93.40
AWP | *嘣* (略有磨损),2018年12月10日 18:05:19,￥640.00
AWP | *嘣* (略有磨损),2018年12月10日 09:41:23,￥93.00
AWP | *嘣* (略有磨损),2018年12月09日 22:29:48,￥95.00
AK-47 | 红线 (略有磨损),2018年12月12日 18:38:07,￥187.95
AK-47 | 红线 (略有磨损),2018年12月12日 14:22:04,￥156.30
AK-47 | 红线 (略有磨损),2018年12月12日 11:38:38,￥185.00
AK-47 | 红线 (略有磨损),2018年12月11日 21:44:00,￥157.86
AK-47 | 红线 (略有磨损),2018年12月11日 21:43:29,￥199.90
AK-47 | 红线 (略有磨损),2018年12月11日 21:18:07,￥160.00
AK-47 | 红线 (略有磨损),2018年12月11日 19:46:04,￥194.00
AK-47 | 红线 (略有磨损),2018年12月11日 17:51:54,￥188.00
AK-47 | 红线 (略有磨损),2018年12月11日 17:49:31,￥158.36
AK-47 | 红线 (略有磨损),2018年12月11日 16:21:10,￥158.86
USP 消音版 | 守护者 (崭新出厂),2018年12月12日 13:02:48,￥9.10
USP 消音版 | 守护者 (崭新出厂),2018年12月12日 06:37:36,￥12.00
USP 消音版 | 守护者 (崭新出厂),2018年12月12日 05:46:31,￥9.10
USP 消音版 | 守护者 (崭新出厂),2018年12月12日 00:09:09,￥9.10
USP 消音版 | 守护者 (崭新出厂),2018年12月11日 23:04:00,￥9.06
USP 消音版 | 守护者 (崭新出厂),2018年12月11日 19:16:45,￥9.05
USP 消音版 | 守护者 (崭新出厂),2018年12月11日 17:32:27,￥8.00
USP 消音版 | 守护者 (崭新出厂),2018年12月11日 11:09:53,￥8.00
USP 消音版 | 守护者 (崭新出厂),2018年12月11日 01:41:55,￥8.86
USP 消音版 | 守护者 (崭新出厂),2018年12月10日 15:57:12,￥7.87
AWP | 蠕虫之神 (破损不堪),2018年12月12日 21:09:51,￥10.80
AWP | 蠕虫之神 (破损不堪),2018年12月05日 18:18:35,￥9.38
AWP | 蠕虫之神 (破损不堪),2018年12月04日 20:09:38,￥7.50
AWP | 蠕虫之神 (破损不堪),2018年12月03日 22:47:17,￥7.48
AWP | 蠕虫之神 (破损不堪),2018年12月01日 17:40:26,￥7.00
AWP | 蠕虫之神 (破损不堪),2018年11月30日 09:47:43,￥6.99
AWP | 蠕虫之神 (破损不堪),2018年11月29日 13:28:49,￥6.98
AWP | 蠕虫之神 (破损不堪),2018年11月27日 11:42:13,￥8.20
AWP | 蠕虫之神 (破损不堪),2018年11月23日 15:46:16,￥8.00
AWP | 蠕虫之神 (破损不堪),2018年11月21日 15:46:57,￥7.00
((h_list.name)),((h_list.last_updated)),￥((h_list.unit_price))
印花 | JUGi | London 2018,2018年12月11日 18:44:50,￥0.92
印花 | JUGi | London 2018,2018年12月11日 12:35:25,￥0.90
印花 | JUGi | London 2018,2018年12月11日 12:09:02,￥0.88
印花 | JUGi | London 2018,2018年12月11日 12:09:00,￥0.91
印花 | JUGi | London 2018,2018年12月10日 15:20:03,￥0.87
印花 | JUGi | London 2018,2018年12月05日 08:07:50,￥0.84
印花 | JUGi | London 2018,2018年12月04日 19:57:35,￥0.83
印花 | JUGi | London 2018,2018年12月04日 19:57:35,￥0.83
印花 | JUGi | London 2018,2018年12月03日 22:37:16,￥0.88
印花 | JUGi | London 2018,2018年12月01日 14:09:38,￥0.78
封装的涂鸦 | Tyloo | London 2018,2018年12月12日 18:24:50,￥2.04
封装的涂鸦 | Tyloo | London 2018,2018年12月09日 22:40:00,￥2.19
封装的涂鸦 | Tyloo | London 2018,2018年12月09日 18:03:02,￥2.25
封装的涂鸦 | Tyloo | London 2018,2018年12月09日 18:03:02,￥2.13
封装的涂鸦 | Tyloo | London 2018,2018年12月09日 11:27:23,￥2.00
封装的涂鸦 | Tyloo | London 2018,2018年12月09日 11:25:57,￥2.00
封装的涂鸦 | Tyloo | London 2018,2018年12月09日 11:25:57,￥2.00
封装的涂鸦 | Tyloo | London 2018,2018年12月09日 11:25:57,￥2.00
封装的涂鸦 | Tyloo | London 2018,2018年12月09日 01:51:17,￥2.00
封装的涂鸦 | Tyloo | London 2018,2018年12月09日 01:51:16,￥2.00
P2000（StatTrak™） | 都市危机 (久经沙场),2018年12月11日 06:43:07,￥1.50
P2000（StatTrak™） | 都市危机 (久经沙场),2018年12月07日 21:24:49,￥1.98
P2000（StatTrak™） | 都市危机 (久经沙场),2018年12月03日 17:37:27,￥1.00
P2000（StatTrak™） | 都市危机 (久经沙场),2018年12月01日 13:21:29,￥2.50
P2000（StatTrak™） | 都市危机 (久经沙场),2018年11月28日 05:02:44,￥1.88
P2000（StatTrak™） | 都市危机 (久经沙场),2018年11月26日 16:05:43,￥1.00
P2000（StatTrak™） | 都市危机 (久经沙场),2018年11月20日 20:04:11,￥1.10
P2000（StatTrak™） | 都市危机 (久经沙场),2018年11月20日 16:08:50,￥1.22
P2000（StatTrak™） | 都市危机 (久经沙场),2018年11月20日 13:33:12,￥1.21
P2000（StatTrak™） | 都市危机 (久经沙场),2018年11月19日 23:02:01,￥1.09
运动手套（★） | 潘多拉之盒 (略有磨损),2018年12月11日 01:10:21,￥9488.00
运动手套（★） | 潘多拉之盒 (略有磨损),2018年12月10日 17:02:59,￥8700.00
运动手套（★） | 潘多拉之盒 (略有磨损),2018年12月08日 12:11:59,￥8500.00
运动手套（★） | 潘多拉之盒 (略有磨损),2018年12月06日 17:01:15,￥8500.00
运动手套（★） | 潘多拉之盒 (略有磨损),2018年12月04日 17:49:56,￥8700.00
运动手套（★） | 潘多拉之盒 (略有磨损),2018年11月29日 21:10:35,￥8400.00
运动手套（★） | 潘多拉之盒 (略有磨损),2018年11月29日 19:27:08,￥8300.00
运动手套（★） | 潘多拉之盒 (略有磨损),2018年11月29日 16:20:08,￥12000.00
运动手套（★） | 潘多拉之盒 (略有磨损),2018年11月28日 16:42:46,￥8500.00
运动手套（★） | 潘多拉之盒 (略有磨损),2018年11月26日 18:49:47,￥8599.00
M4A4 | 杀意大名 (久经沙场),2018年12月12日 21:10:06,￥15.30
M4A4 | 杀意大名 (久经沙场),2018年12月12日 20:39:49,￥12.50
M4A4 | 杀意大名 (久经沙场),2018年12月12日 19:23:36,￥15.40
M4A4 | 杀意大名 (久经沙场),2018年12月12日 15:04:20,￥15.20
M4A4 | 杀意大名 (久经沙场),2018年12月12日 10:46:58,￥15.30
M4A4 | 杀意大名 (久经沙场),2018年12月12日 10:42:18,￥15.30
M4A4 | 杀意大名 (久经沙场),2018年12月12日 10:09:50,￥14.90
M4A4 | 杀意大名 (久经沙场),2018年12月12日 10:09:00,￥15.00
M4A4 | 杀意大名 (久经沙场),2018年12月11日 22:49:50,￥15.00
M4A4 | 杀意大名 (久经沙场),2018年12月11日 22:47:41,￥15.40
M4A4 | Mainframe (久经沙场),2018年12月09日 11:29:46,￥5.50
M4A4 | Mainframe (久经沙场),2018年12月09日 04:19:41,￥3.26
M4A4 | Mainframe (久经沙场),2018年12月08日 20:57:30,￥3.27
M4A4 | Mainframe (久经沙场),2018年12月08日 13:25:33,￥3.28
M4A4 | Mainframe (久经沙场),2018年12月06日 19:26:47,￥2.00
M4A4 | Mainframe (久经沙场),2018年12月05日 19:57:29,￥3.20
M4A4 | Mainframe (久经沙场),2018年12月03日 20:34:55,￥3.33
M4A4 | Mainframe (久经沙场),2018年12月02日 15:00:02,￥3.25
M4A4 | Mainframe (久经沙场),2018年12月01日 09:56:08,￥4.60
M4A4 | Mainframe (久经沙场),2018年12月01日 08:24:31,￥3.38
